entity_id,entity_type,n_obs,confidence,hour_mean,hour_std,duration_mean,duration_std,top_resources,current_device_fingerprint,last_updated
edg_e34aa164,edge_device,1649,1.0,8.54,4.62,30.6,11.77,"file://share/engineering:0.23, file://share/finance:0.23, port:502:0.22, /api/v1/logs:0.19, /api/v1/orders:0.06",macOS 14|7d:7f:30:fa:c3:58|MQTT,2026-07-15 17:59:04.211390
edg_1eb0cf9e,edge_device,391,1.0,5.06,3.88,42.94,27.23,"file://share/hr:0.23, file://share/legal:0.19, file://share/engineering:0.18, port:22:0.14, file://share/exec:0.11",Android 14|12:8e:83:19:42:87|MQTT,2026-07-15 08:36:48.394352
edg_c9dcbfdf,edge_device,851,1.0,5.72,3.95,23.32,16.56,"/api/v1/admin:0.43, /api/v1/logs:0.23, port:22:0.23, port:1883:0.11, /api/v1/auth:0.00",Android 14|c8:7e:72:2a:61:3d|MQTT,2026-07-15 12:39:53.399705
edg_83f59a0b,edge_device,1562,1.0,11.57,3.1,64.77,31.9,"device_fn:write_config:0.21, /api/v1/logs:0.15, file://share/exec:0.14, /api/v1/inventory:0.14, device_fn:read_sensor:0.12",Windows 11|ba:7a:96:08:af:8b|MQTT,2026-07-15 17:24:56.881069
edg_611d993c,edge_device,850,1.0,4.23,2.73,22.22,6.45,"port:8080:0.53, /api/v1/orders:0.23, /api/v1/auth:0.11, port:502:0.07, file://share/engineering:0.03",Android 14|39:6f:25:35:ec:48|MQTT,2026-07-15 08:49:08.833260
edg_afcac521,edge_device,478,1.0,4.18,4.0,79.27,23.08,"/api/v1/admin:0.25, port:1883:0.23, /api/v1/logs:0.19, port:3389:0.16, port:502:0.08",macOS 14|5a:2d:0a:dd:39:93|MQTT,2026-07-15 06:21:37.423332
edg_552b7d11,edge_device,533,1.0,3.96,3.14,52.95,14.38,"/api/v1/inventory:0.23, file://share/hr:0.21, /api/v1/customers:0.21, /api/v1/users:0.19, port:3389:0.09",Ubuntu 22.04|37:6d:73:ac:0d:48|MQTT,2026-07-15 08:10:46.900417
edg_b9346d63,edge_device,709,1.0,5.63,3.64,113.1,41.66,"file://share/engineering:0.29, /api/v1/billing:0.19, port:8080:0.16, port:22:0.13, file://share/finance:0.12",Ubuntu 22.04|8a:49:74:23:35:70|MQTT,2026-07-15 12:58:12.294881
edg_dc522234,edge_device,776,1.0,13.69,5.05,24.05,24.86,"port:1883:0.27, port:8080:0.23, /api/v1/auth:0.16, /api/v1/logs:0.14, file://share/hr:0.09",Windows 11|21:a5:ec:f3:4b:d1|MQTT,2026-07-15 20:10:40.009431
edg_2fbe08d9,edge_device,1271,1.0,22.29,3.75,110.9,56.25,"port:3389:0.26, /api/v1/logs:0.24, /api/v1/users:0.16, /api/v1/inventory:0.15, device_fn:write_config:0.14",Ubuntu 22.04|6f:1f:91:ed:14:65|MQTT,2026-07-15 23:58:48.000000
edg_e5f204e7,edge_device,1757,1.0,11.66,5.45,77.55,50.14,"/api/v1/billing:0.33, file://share/exec:0.19, file://share/public:0.17, port:1883:0.16, /api/v1/logs:0.08",FirmwareOS 3.2|1f:3b:18:11:30:8a|MQTT,2026-07-15 21:46:21.974304
edg_98c17a4e,edge_device,563,1.0,6.19,4.69,325.5,179.02,"/api/v1/customers:0.29, file://share/engineering:0.25, /api/v1/logs:0.22, file://share/public:0.20, port:502:0.04",Windows 11|8d:cc:0c:98:79:c8|MQTT,2026-07-15 13:46:27.729983
edg_e11ea05b,edge_device,869,1.0,16.69,6.08,59.92,39.9,"/api/v1/payments:0.26, file://share/hr:0.26, /api/v1/analytics:0.14, /api/v1/orders:0.12, file://share/finance:0.10",FirmwareOS 3.2|6f:73:46:79:aa:60|MQTT,2026-07-15 23:30:52.972667
edg_a5d186e2,edge_device,670,1.0,18.73,3.97,114.36,32.88,"/api/v1/inventory:0.19, port:3389:0.17, /api/v1/users:0.17, device_fn:reboot:0.14, device_fn:firmware_update:0.11",FirmwareOS 3.2|35:ec:87:70:49:a3|MQTT,2026-07-15 23:58:48.000000
edg_f36cefb8,edge_device,1547,1.0,17.93,4.87,53.48,27.61,"device_fn:reboot:0.29, /api/v1/customers:0.27, file://share/exec:0.18, /api/v1/admin:0.13, file://share/legal:0.13",macOS 14|68:27:12:ab:2d:7a|MQTT,2026-07-15 23:58:48.000000
edg_05dbb1c7,edge_device,452,1.0,5.99,3.22,31.33,10.17,"port:8080:0.22, /api/v1/reports:0.17, /api/v1/analytics:0.13, /api/v1/admin:0.12, port:3389:0.11",Windows 11|af:db:47:09:a8:ad|MQTT,2026-07-15 08:57:06.880746
edg_cb1bb0eb,edge_device,612,1.0,13.4,3.88,70.26,35.09,"/api/v1/inventory:0.24, /api/v1/logs:0.24, port:443:0.17, /api/v1/users:0.13, /api/v1/analytics:0.12",FirmwareOS 3.2|06:73:90:a3:ad:d8|MQTT,2026-07-15 18:20:41.991960
edg_297b8f46,edge_device,426,1.0,9.85,3.25,53.69,28.43,"/api/v1/orders:0.65, /api/v1/analytics:0.15, /api/v1/payments:0.12, /api/v1/config:0.09, /api/v1/auth:0.00",Windows 11|b4:b8:3d:e8:c0:2c|MQTT,2026-07-15 13:20:45.616837
edg_8aced230,edge_device,893,1.0,9.14,3.95,116.3,86.37,"port:8080:0.27, device_fn:firmware_update:0.22, device_fn:write_config:0.21, file://share/exec:0.12, /api/v1/config:0.08",Windows 11|5c:cf:12:2b:51:b0|MQTT,2026-07-15 15:13:17.293585
edg_fae3e1af,edge_device,814,1.0,20.1,5.15,20.09,6.09,"file://share/hr:0.42, port:22:0.16, file://share/public:0.15, /api/v1/inventory:0.13, file://share/engineering:0.09",FirmwareOS 3.2|4a:31:9b:06:3e:8d|MQTT,2026-07-15 23:58:48.000000
edg_396784b9,edge_device,627,1.0,17.91,5.7,45.53,13.69,"device_fn:reboot:0.33, port:22:0.24, /api/v1/inventory:0.18, /api/v1/billing:0.16, /api/v1/users:0.09",Ubuntu 22.04|2f:97:0c:7b:06:09|MQTT,2026-07-15 23:54:18.677158
use_a972ae5e,user,116,1.0,7.51,2.61,15.4,6.89,"/api/v1/reports:0.41, /api/v1/config:0.28, /api/v1/admin:0.16, /api/v1/inventory:0.15",Ubuntu 22.04|2d:d8:9e:2d:a6:69|TLS1.3,2026-07-13 10:17:38.770221
edg_eafb5269,edge_device,1699,1.0,19.35,3.1,222.24,109.26,"/api/v1/orders:0.46, /api/v1/payments:0.16, /api/v1/inventory:0.15, /api/v1/reports:0.11, file://share/hr:0.06",Ubuntu 22.04|71:72:63:bf:35:f9|MQTT,2026-07-15 23:58:48.000000
edg_09768c8c,edge_device,1736,1.0,16.52,1.64,16.58,5.67,"port:443:0.23, port:1883:0.19, /api/v1/auth:0.15, device_fn:read_sensor:0.13, port:3389:0.13",FirmwareOS 3.2|ed:6b:53:86:96:4e|MQTT,2026-07-15 18:27:09.693255
edg_1383bab9,edge_device,1719,1.0,18.54,3.12,119.91,127.03,"/api/v1/reports:0.27, port:8080:0.26, /api/v1/users:0.26, device_fn:reboot:0.21, /api/v1/auth:0.00",FirmwareOS 3.2|08:4a:41:3f:eb:8e|MQTT,2026-07-15 22:08:59.435936
use_664c0b91,user,177,1.0,7.43,2.54,27.35,20.1,"file://share/public:0.37, /api/v1/orders:0.28, /api/v1/admin:0.22, file://share/engineering:0.08, /api/v1/billing:0.02",macOS 14|fd:2b:a9:48:be:6b|TLS1.3,2026-07-15 11:19:40.984950
edg_d4d5e269,edge_device,805,1.0,14.61,3.64,44.31,22.45,"file://share/legal:0.34, port:22:0.24, /api/v1/inventory:0.19, port:8080:0.13, file://share/public:0.10",Windows 11|8f:6e:4a:99:a2:e5|MQTT,2026-07-15 17:52:55.877508
use_fb5be7b4,user,42,1.0,6.85,2.22,26.44,18.39,"port:502:0.24, /api/v1/payments:0.21, device_fn:write_config:0.20, /api/v1/auth:0.16, /api/v1/reports:0.12",iOS 17|c4:6d:48:cb:e2:7d|TLS1.3,2026-07-15 07:25:43.202372
use_c8f63f63,user,61,1.0,9.41,2.52,39.63,35.43,"port:8080:0.31, file://share/finance:0.22, port:1883:0.19, file://share/public:0.12, port:3389:0.12",Android 14|f3:c3:20:3d:37:26|TLS1.3,2026-07-15 12:41:51.016063
use_79b0c1aa,user,24,1.0,7.92,1.51,15.18,17.26,"/api/v1/admin:0.31, port:502:0.26, file://share/finance:0.13, port:1883:0.12, /api/v1/orders:0.08",iOS 17|f8:87:72:a8:8d:62|TLS1.3,2026-07-12 08:14:17.900206
use_e0aa172f,user,141,1.0,8.53,1.32,18.92,24.33,"port:502:0.22, file://share/legal:0.20, port:3389:0.20, /api/v1/customers:0.19, file://share/exec:0.08",iOS 17|cd:b9:23:f5:f5:2b|TLS1.3,2026-07-15 09:18:36.178655
edg_5dcc8efa,edge_device,408,1.0,17.64,3.43,15.97,6.11,"device_fn:firmware_update:0.28, file://share/finance:0.18, file://share/public:0.15, /api/v1/payments:0.15, port:443:0.14",FirmwareOS 3.2|84:a4:31:f6:c4:1a|MQTT,2026-07-15 22:22:59.927045
use_6829ec18,user,72,1.0,6.98,1.99,76.05,31.41,"file://share/public:0.39, port:443:0.15, /api/v1/customers:0.14, device_fn:write_config:0.12, /api/v1/payments:0.10",FirmwareOS 3.2|93:73:6b:e3:f5:f6|TLS1.3,2026-07-15 07:44:14.996177
ser_e6af724d,service_account,159,1.0,8.23,0.64,115.13,50.55,"/api/v1/payments:0.45, /api/v1/config:0.37, file://share/public:0.10, file://share/engineering:0.08, /api/v1/auth:0.00",Android 14|02:1b:b6:7d:0c:2e|TLS1.3,2026-07-15 08:44:06.414076
use_d890043f,user,91,1.0,10.67,1.95,263.7,120.48,"device_fn:write_config:0.31, device_fn:firmware_update:0.25, /api/v1/inventory:0.17, port:8080:0.13, file://share/exec:0.08",Android 14|fd:e2:a2:de:ca:b6|TLS1.3,2026-07-15 08:23:53.892904
use_9b235d3b,user,190,1.0,10.94,1.45,30.4,16.56,"device_fn:write_config:0.32, /api/v1/analytics:0.18, port:3389:0.14, /api/v1/customers:0.13, port:443:0.09",Windows 11|f5:6a:d6:eb:fd:f5|TLS1.3,2026-07-15 13:09:22.255398
use_6c420c65,user,125,1.0,9.09,4.24,40.19,31.66,"/api/v1/auth:0.37, port:8080:0.21, /api/v1/users:0.12, /api/v1/analytics:0.11, /api/v1/billing:0.09",macOS 14|1b:16:93:ea:ce:ec|TLS1.3,2026-07-15 05:42:13.215089
edg_5ad3c322,edge_device,889,1.0,15.22,4.73,92.49,25.22,"/api/v1/customers:0.31, /api/v1/payments:0.28, file://share/exec:0.28, port:8080:0.08, file://share/engineering:0.04",Android 14|c4:10:4a:db:81:c8|MQTT,2026-07-15 23:27:03.573393
use_634d0b9b,user,104,1.0,9.36,1.88,58.91,44.26,"/api/v1/orders:0.23, device_fn:read_sensor:0.23, /api/v1/auth:0.13, device_fn:write_config:0.13, file://share/public:0.11",iOS 17|fe:f8:ce:a6:1a:ea|TLS1.3,2026-07-15 11:31:48.230396
ser_7797ce83,service_account,149,1.0,8.46,0.9,183.51,60.47,"/api/v1/analytics:0.20, /api/v1/reports:0.17, /api/v1/payments:0.16, file://share/exec:0.14, /api/v1/auth:0.11",Ubuntu 22.04|07:21:87:d3:bc:94|TLS1.3,2026-07-15 09:25:46.801618
use_5cce9b89,user,205,1.0,8.43,1.03,24.19,12.09,"/api/v1/logs:0.38, /api/v1/billing:0.26, /api/v1/auth:0.13, /api/v1/config:0.07, /api/v1/inventory:0.06",macOS 14|96:d4:2d:36:e1:52|TLS1.3,2026-07-15 08:05:11.428578
use_48718797,user,85,1.0,8.01,1.68,38.35,14.34,"port:1883:0.31, device_fn:firmware_update:0.23, port:22:0.19, port:8080:0.15, port:443:0.07",macOS 14|56:5e:81:5d:bc:53|TLS1.3,2026-07-15 08:49:54.443335
ser_994deaf4,service_account,122,1.0,6.48,1.32,287.79,99.42,"/api/v1/orders:0.36, file://share/public:0.15, device_fn:firmware_update:0.12, device_fn:write_config:0.11, port:1883:0.11",Ubuntu 22.04|35:35:e5:84:ba:cf|TLS1.3,2026-07-15 06:45:48.662145
edg_096cc7d8,edge_device,1054,1.0,14.27,2.13,113.52,126.31,"/api/v1/inventory:0.34, port:502:0.21, /api/v1/customers:0.16, /api/v1/users:0.09, port:443:0.09",FirmwareOS 3.2|7f:d4:b7:46:d8:0d|MQTT,2026-07-15 16:52:56.706368
ser_df622676,service_account,86,1.0,9.51,2.68,170.54,93.91,"/api/v1/logs:0.26, /api/v1/reports:0.22, file://share/hr:0.15, device_fn:write_config:0.13, /api/v1/customers:0.08",Windows 11|a9:6e:4f:a0:23:95|TLS1.3,2026-07-15 13:24:03.037857
use_aabb0e38,user,178,1.0,8.74,2.01,224.09,94.99,"/api/v1/billing:0.46, file://share/legal:0.34, file://share/finance:0.18, device_fn:firmware_update:0.02",Android 14|5c:6d:22:6e:5d:09|TLS1.3,2026-07-15 11:23:57.176008
use_9159dd02,user,132,1.0,7.63,0.61,33.38,29.21,"/api/v1/config:0.18, port:1883:0.16, port:8080:0.16, /api/v1/auth:0.12, file://share/public:0.10",Android 14|27:1f:86:b4:a0:a7|TLS1.3,2026-07-15 08:20:12.365653
edg_cab1d4e7,edge_device,1344,1.0,19.61,4.32,50.05,28.31,"device_fn:firmware_update:0.41, file://share/engineering:0.21, device_fn:write_config:0.17, /api/v1/payments:0.15, port:502:0.06",iOS 17|cc:24:82:58:05:1f|MQTT,2026-07-15 23:58:48.000000
use_2890aab2,user,88,1.0,9.19,1.26,31.86,23.06,"/api/v1/admin:0.41, port:8080:0.37, port:3389:0.13, /api/v1/orders:0.09, /api/v1/auth:0.00",Ubuntu 22.04|c6:39:a9:73:1c:b5|TLS1.3,2026-07-14 08:49:29.159560
use_c6e9dee8,user,71,1.0,8.54,3.1,41.9,23.96,"file://share/legal:0.35, port:3389:0.35, file://share/finance:0.18, /api/v1/admin:0.12, /api/v1/auth:0.00",Windows 11|0f:45:3f:6e:db:c3|TLS1.3,2026-07-15 10:44:27.318572
edg_0ed4aeb2,edge_device,632,1.0,17.36,5.1,93.75,50.5,"/api/v1/payments:0.35, file://share/legal:0.31, /api/v1/auth:0.22, /api/v1/customers:0.11, device_fn:write_config:0.00",Android 14|56:ff:02:7e:9b:0f|MQTT,2026-07-15 23:58:48.000000
edg_9c55dd86,edge_device,853,1.0,15.59,2.21,181.79,90.47,"port:443:0.32, file://share/engineering:0.27, file://share/legal:0.21, /api/v1/users:0.13, /api/v1/analytics:0.07",macOS 14|ad:73:3b:35:aa:86|MQTT,2026-07-15 17:52:08.054621
use_3bcb12e2,user,123,1.0,8.91,2.55,55.62,30.74,"port:3389:0.22, file://share/exec:0.22, /api/v1/orders:0.18, /api/v1/logs:0.14, /api/v1/analytics:0.12",macOS 14|f6:a7:6a:f8:1b:fc|TLS1.3,2026-07-15 12:13:57.588490
edg_1a7e5ad6,edge_device,373,1.0,13.2,6.68,22.99,7.05,"device_fn:write_config:0.30, /api/v1/logs:0.28, /api/v1/config:0.23, port:1883:0.19, /api/v1/auth:0.00",Android 14|ef:dc:9e:a6:dd:9f|MQTT,2026-07-15 21:03:50.851823
ser_aea27355,service_account,199,1.0,9.94,1.2,187.13,62.94,"/api/v1/config:0.36, port:22:0.24, /api/v1/auth:0.13, /api/v1/payments:0.11, /api/v1/logs:0.09",Windows 11|d0:04:af:80:58:dc|TLS1.3,2026-07-15 11:24:36.726829
use_cf0444e2,user,108,1.0,8.88,1.48,162.72,90.88,"device_fn:firmware_update:0.33, /api/v1/config:0.21, file://share/exec:0.17, file://share/engineering:0.16, port:3389:0.12",Android 14|4d:48:58:25:84:47|TLS1.3,2026-07-15 09:48:24.033021
use_e2a16217,user,165,1.0,8.65,1.69,14.46,5.04,"device_fn:firmware_update:0.54, file://share/hr:0.15, /api/v1/config:0.11, file://share/engineering:0.06, /api/v1/users:0.05",Windows 11|08:b9:88:d6:1b:14|TLS1.3,2026-07-15 08:53:53.751083
use_bbb37d2a,user,48,1.0,8.74,2.09,95.07,116.35,"device_fn:reboot:0.20, /api/v1/inventory:0.13, /api/v1/admin:0.11, /api/v1/billing:0.09, /api/v1/auth:0.09",iOS 17|7a:33:f9:2f:7a:85|TLS1.3,2026-07-14 08:36:41.837940
use_927ccf1e,user,45,1.0,8.8,1.44,22.08,14.33,"/api/v1/orders:0.40, /api/v1/analytics:0.30, /api/v1/config:0.17, /api/v1/customers:0.09, /api/v1/auth:0.05",macOS 14|91:9e:a5:9c:8b:fc|TLS1.3,2026-07-14 08:28:54.619959
use_1db07eb2,user,177,1.0,8.94,1.5,12.29,5.38,"device_fn:write_config:0.19, file://share/legal:0.17, /api/v1/billing:0.17, /api/v1/reports:0.16, device_fn:reboot:0.15",Ubuntu 22.04|85:9e:3b:6f:9e:10|TLS1.3,2026-07-15 11:24:57.467530
ser_90829003,service_account,163,1.0,6.61,1.65,40.19,24.04,"device_fn:read_sensor:0.38, port:22:0.32, /api/v1/payments:0.17, /api/v1/analytics:0.13, /api/v1/auth:0.00",Android 14|73:91:c3:8d:a4:d6|TLS1.3,2026-07-15 08:27:58.908986
use_49501e0c,user,61,1.0,10.39,4.01,41.3,26.01,"/api/v1/auth:0.40, file://share/engineering:0.24, device_fn:firmware_update:0.16, /api/v1/billing:0.08, device_fn:reboot:0.04",iOS 17|f9:b0:08:78:bb:65|TLS1.3,2026-07-10 08:31:57.481900
ser_db493544,service_account,53,1.0,8.21,1.02,30.32,18.79,"/api/v1/users:0.35, /api/v1/config:0.20, device_fn:write_config:0.18, file://share/finance:0.14, /api/v1/reports:0.14",iOS 17|1c:6c:18:d1:d8:be|TLS1.3,2026-07-15 09:11:20.859665
use_ed6862ff,user,54,1.0,8.1,1.55,14.46,10.15,"/api/v1/orders:0.24, file://share/finance:0.15, file://share/exec:0.14, device_fn:firmware_update:0.11, /api/v1/analytics:0.11",iOS 17|f5:73:34:fa:4d:7d|TLS1.3,2026-07-14 07:26:57.153394
use_2b8ea9b7,user,151,1.0,7.35,0.98,208.07,202.34,"/api/v1/logs:0.65, /api/v1/payments:0.29, port:8080:0.04, /api/v1/users:0.02",Ubuntu 22.04|7f:ae:38:ad:c1:5c|TLS1.3,2026-07-15 07:01:18.464249
ser_0990b28e,service_account,37,1.0,9.38,2.42,50.7,22.39,"file://share/public:0.30, /api/v1/users:0.17, /api/v1/logs:0.17, file://share/hr:0.13, file://share/engineering:0.12",FirmwareOS 3.2|73:9c:59:03:12:ed|TLS1.3,2026-07-15 09:30:11.009234
edg_4889afba,edge_device,1214,1.0,21.09,2.79,225.5,124.48,"/api/v1/analytics:0.30, file://share/finance:0.26, /api/v1/auth:0.12, file://share/engineering:0.10, port:8080:0.10",FirmwareOS 3.2|bf:08:1f:11:d4:e4|MQTT,2026-07-15 23:58:48.000000
ser_32a5d64d,service_account,160,1.0,12.06,1.2,104.29,39.76,"/api/v1/orders:0.27, /api/v1/admin:0.23, port:443:0.18, file://share/legal:0.17, file://share/public:0.07",iOS 17|2f:a7:5c:19:da:0e|TLS1.3,2026-07-15 12:50:21.444902
ser_704e069b,service_account,114,1.0,10.15,0.94,122.15,41.21,"port:8080:0.22, /api/v1/admin:0.22, /api/v1/config:0.21, /api/v1/payments:0.20, device_fn:firmware_update:0.13",Windows 11|03:e9:49:a8:e8:09|TLS1.3,2026-07-15 10:40:27.187442
use_19d1e726,user,194,1.0,9.66,2.29,93.65,48.94,"file://share/exec:0.27, /api/v1/auth:0.23, device_fn:write_config:0.19, /api/v1/analytics:0.15, /api/v1/billing:0.06",macOS 14|49:cb:30:56:cb:74|TLS1.3,2026-07-15 11:52:50.048591
use_6c3e2426,user,106,1.0,9.73,2.13,92.65,37.96,"port:443:0.51, file://share/engineering:0.21, /api/v1/inventory:0.14, file://share/exec:0.07, port:22:0.07",Ubuntu 22.04|09:17:21:6e:76:5a|TLS1.3,2026-07-15 11:52:37.944548
use_14da019f,user,195,1.0,13.69,1.58,93.53,57.69,"/api/v1/customers:0.27, file://share/public:0.26, /api/v1/auth:0.26, /api/v1/payments:0.16, /api/v1/analytics:0.05",Ubuntu 22.04|c6:e2:35:ac:ea:a4|TLS1.3,2026-07-15 14:31:32.171204
ser_cc92d654,service_account,126,1.0,8.78,2.44,31.42,7.5,"/api/v1/analytics:0.36, /api/v1/customers:0.26, device_fn:firmware_update:0.20, /api/v1/reports:0.06, /api/v1/users:0.06",Android 14|e1:8d:41:d9:2b:a2|TLS1.3,2026-07-14 09:06:01.920101
use_f8e3d227,user,103,1.0,8.71,1.4,90.67,46.72,"/api/v1/billing:0.30, port:3389:0.15, device_fn:write_config:0.13, device_fn:reboot:0.11, /api/v1/config:0.10",macOS 14|eb:c6:35:ab:bb:55|TLS1.3,2026-07-14 09:22:24.803722
use_9bfde1d8,user,132,1.0,9.47,1.54,138.51,77.19,"port:502:0.38, /api/v1/inventory:0.33, port:443:0.15, /api/v1/customers:0.15, file://share/hr:0.00",Ubuntu 22.04|d3:51:1f:e3:25:98|TLS1.3,2026-07-15 09:23:38.349162
ser_71d55639,service_account,71,1.0,12.66,4.94,22.21,11.3,"port:22:0.32, port:502:0.24, /api/v1/auth:0.14, file://share/finance:0.13, file://share/hr:0.09",macOS 14|2d:72:ea:64:2f:e0|TLS1.3,2026-07-14 15:28:40.910233
use_0438bab8,user,78,1.0,8.22,1.35,36.95,10.43,"/api/v1/orders:0.32, /api/v1/inventory:0.30, device_fn:firmware_update:0.24, port:443:0.09, port:3389:0.04",iOS 17|a8:72:76:43:f8:64|TLS1.3,2026-07-13 09:20:35.654923
use_3cfad72b,user,55,1.0,11.58,2.75,136.46,96.0,"file://share/exec:0.35, port:3389:0.18, port:1883:0.13, port:8080:0.11, /api/v1/auth:0.11",Windows 11|4d:81:1b:a2:9f:47|TLS1.3,2026-07-14 14:32:34.851462
use_a31e4fb9,user,88,1.0,10.1,5.2,21.96,15.99,"/api/v1/auth:0.23, /api/v1/config:0.20, port:8080:0.17, port:3389:0.11, file://share/engineering:0.09",FirmwareOS 3.2|0b:17:8c:6c:02:ee|TLS1.3,2026-07-15 10:09:58.279156
use_97ca1e0a,user,157,1.0,14.9,2.08,23.53,19.17,"port:22:0.35, file://share/public:0.30, device_fn:firmware_update:0.29, port:443:0.06, /api/v1/auth:0.00",Android 14|d3:fb:47:34:4f:36|TLS1.3,2026-07-15 18:47:22.971070
use_e41929b1,user,133,1.0,10.66,1.64,125.23,79.76,"/api/v1/reports:0.34, /api/v1/analytics:0.21, file://share/legal:0.18, file://share/exec:0.12, device_fn:write_config:0.08",Windows 11|42:ff:9a:5a:6c:d3|TLS1.3,2026-07-15 11:37:15.016493
use_a2368806,user,181,1.0,8.36,5.1,25.76,20.09,"/api/v1/auth:0.46, file://share/finance:0.15, /api/v1/reports:0.15, port:8080:0.13, /api/v1/inventory:0.11",Ubuntu 22.04|7e:24:bb:10:72:51|TLS1.3,2026-07-15 13:25:50.421081
edg_38b59d78,edge_device,1581,1.0,22.76,1.99,44.05,13.59,"port:502:0.34, /api/v1/analytics:0.17, /api/v1/logs:0.16, /api/v1/customers:0.14, /api/v1/admin:0.08",FirmwareOS 3.2|3f:41:bd:d7:c8:4e|MQTT,2026-07-15 23:58:48.000000
use_17978ec9,user,35,1.0,8.88,2.31,154.48,55.13,"file://share/engineering:0.47, file://share/hr:0.37, /api/v1/auth:0.06, file://share/exec:0.06, file://share/finance:0.02",FirmwareOS 3.2|13:47:90:55:7c:2c|TLS1.3,2026-07-15 08:57:19.338668
use_76b2d6f9,user,153,1.0,9.64,0.75,237.62,95.72,"port:3389:0.38, port:22:0.19, /api/v1/billing:0.17, device_fn:firmware_update:0.16, port:502:0.11",FirmwareOS 3.2|50:0f:d5:00:ae:ab|TLS1.3,2026-07-15 10:36:38.924370
use_5fca0d8e,user,40,1.0,10.1,2.64,44.29,17.54,"port:443:0.24, /api/v1/reports:0.22, /api/v1/logs:0.19, file://share/hr:0.11, port:22:0.06",macOS 14|1f:a4:05:fb:0d:55|TLS1.3,2026-07-14 10:59:18.893241
use_6f33b830,user,54,1.0,9.97,1.25,40.29,18.42,"port:443:0.36, port:502:0.30, device_fn:read_sensor:0.15, /api/v1/users:0.15, /api/v1/admin:0.03",iOS 17|90:e2:ce:4a:e7:85|TLS1.3,2026-07-15 08:57:48.671371
use_8b581925,user,54,1.0,10.41,1.99,266.26,199.6,"file://share/engineering:0.23, device_fn:read_sensor:0.19, port:443:0.16, /api/v1/billing:0.15, port:3389:0.13",Ubuntu 22.04|2b:b5:d6:2c:c0:5b|TLS1.3,2026-07-15 09:41:13.383243
ser_7d08f492,service_account,124,1.0,8.7,1.14,171.51,37.26,"/api/v1/reports:0.29, file://share/finance:0.21, device_fn:write_config:0.18, /api/v1/payments:0.15, /api/v1/customers:0.09",FirmwareOS 3.2|f7:47:b5:c7:ff:8d|TLS1.3,2026-07-15 08:36:56.416135
use_1cf09259,user,44,1.0,10.34,2.54,128.31,52.8,"/api/v1/billing:0.44, /api/v1/admin:0.19, /api/v1/config:0.14, port:3389:0.13, file://share/legal:0.06",Ubuntu 22.04|8d:12:39:09:86:71|TLS1.3,2026-07-15 11:48:50.307208
use_ca446ac5,user,90,1.0,11.3,1.13,63.99,32.83,"/api/v1/payments:0.34, /api/v1/config:0.28, port:443:0.16, /api/v1/admin:0.13, file://share/engineering:0.09",Windows 11|49:38:a8:d0:4a:dc|TLS1.3,2026-07-15 09:56:24.274444
ser_df48726d,service_account,73,1.0,10.15,2.3,138.14,76.9,"device_fn:reboot:0.52, /api/v1/config:0.23, /api/v1/inventory:0.15, file://share/legal:0.06, /api/v1/auth:0.04",FirmwareOS 3.2|32:01:73:79:a1:26|TLS1.3,2026-07-15 11:19:16.162237
edg_8e7aea1d,edge_device,1697,1.0,23.44,1.57,46.22,24.42,"file://share/exec:0.23, device_fn:reboot:0.22, /api/v1/analytics:0.18, /api/v1/payments:0.18, port:443:0.12",iOS 17|34:10:01:0a:93:83|MQTT,2026-07-15 23:58:48.000000
use_497a0db2,user,85,1.0,13.22,2.14,76.23,39.63,"device_fn:firmware_update:0.21, /api/v1/reports:0.21, /api/v1/config:0.14, port:22:0.14, /api/v1/logs:0.09",iOS 17|8a:2d:ef:d8:da:53|TLS1.3,2026-07-15 14:49:28.872424
use_1a063394,user,28,1.0,12.0,3.54,181.49,138.31,"file://share/exec:0.43, port:8080:0.24, /api/v1/inventory:0.22, port:1883:0.10, /api/v1/auth:0.00",macOS 14|ee:2c:a8:38:54:7a|TLS1.3,2026-07-14 16:55:55.244637
edg_6350df3b,edge_device,1437,1.0,23.14,1.75,65.42,27.95,"/api/v1/inventory:0.25, /api/v1/payments:0.16, file://share/public:0.15, device_fn:write_config:0.11, /api/v1/analytics:0.10",Windows 11|0c:79:d3:a7:21:35|MQTT,2026-07-15 23:58:48.000000
use_839c3d1b,user,56,1.0,11.48,0.74,20.16,11.14,"port:3389:0.41, device_fn:firmware_update:0.38, /api/v1/billing:0.16, /api/v1/reports:0.03, port:443:0.01",Ubuntu 22.04|ee:1e:a7:8b:a6:7d|TLS1.3,2026-07-15 11:32:53.711817
use_255095f3,user,151,1.0,11.24,0.99,30.05,10.3,"file://share/hr:0.31, port:3389:0.30, /api/v1/analytics:0.16, file://share/engineering:0.13, device_fn:firmware_update:0.04",Ubuntu 22.04|23:d1:6c:41:ba:be|TLS1.3,2026-07-15 11:19:16.646650
ser_a37d5cd2,service_account,150,1.0,12.03,2.46,112.88,71.57,"/api/v1/auth:0.41, device_fn:firmware_update:0.21, /api/v1/customers:0.15, port:3389:0.13, port:443:0.10",Android 14|e9:ed:35:64:68:90|TLS1.3,2026-07-15 12:53:17.828276
use_11549652,user,133,1.0,11.65,1.63,128.66,83.53,"file://share/exec:0.23, /api/v1/analytics:0.21, file://share/finance:0.16, /api/v1/orders:0.11, port:22:0.10",FirmwareOS 3.2|5e:f6:66:ae:a9:d1|TLS1.3,2026-07-15 14:09:48.390570
use_5ea55e29,user,104,1.0,12.62,1.1,27.7,10.95,"/api/v1/inventory:0.38, port:443:0.29, port:3389:0.22, port:1883:0.07, /api/v1/orders:0.02",FirmwareOS 3.2|1f:92:e1:a9:79:30|TLS1.3,2026-07-15 13:52:04.997195
use_d3868841,user,62,1.0,10.65,0.74,52.62,19.55,"file://share/hr:0.26, port:8080:0.19, port:1883:0.16, /api/v1/payments:0.10, device_fn:read_sensor:0.09",macOS 14|4a:70:ef:c5:01:80|TLS1.3,2026-07-14 10:00:45.879635
use_c2e09685,user,85,1.0,8.96,1.23,19.57,10.68,"/api/v1/customers:0.24, file://share/hr:0.21, port:22:0.21, port:8080:0.11, port:3389:0.10",Ubuntu 22.04|5a:4d:95:51:43:2a|TLS1.3,2026-07-15 09:49:31.501048
use_f6ab45bf,user,48,1.0,9.79,1.09,94.6,59.11,"/api/v1/billing:0.41, /api/v1/inventory:0.26, port:502:0.25, /api/v1/auth:0.05, file://share/engineering:0.04",iOS 17|01:57:a9:fa:d6:30|TLS1.3,2026-07-15 09:32:20.606345
edg_4794dad9,edge_device,1562,1.0,23.86,0.67,23.19,9.76,"/api/v1/analytics:0.26, /api/v1/users:0.17, file://share/hr:0.13, port:8080:0.13, device_fn:write_config:0.10",Ubuntu 22.04|0f:32:f6:33:18:ac|MQTT,2026-07-15 23:58:48.000000
use_d7e173f0,user,152,1.0,14.73,1.15,33.57,21.09,"device_fn:reboot:0.38, device_fn:firmware_update:0.15, /api/v1/orders:0.15, file://share/exec:0.12, /api/v1/customers:0.09",Windows 11|f6:16:53:b8:e5:38|TLS1.3,2026-07-15 15:45:46.446998
use_ab1afcc4,user,165,1.0,11.93,0.63,16.32,7.2,"file://share/hr:0.18, /api/v1/logs:0.18, device_fn:firmware_update:0.17, port:502:0.15, /api/v1/reports:0.14",FirmwareOS 3.2|fa:c3:b6:a8:c6:02|TLS1.3,2026-07-15 13:03:52.864954
use_237922f3,user,59,1.0,10.19,1.36,95.84,46.92,"file://share/public:0.21, file://share/finance:0.20, port:8080:0.15, /api/v1/orders:0.14, /api/v1/billing:0.14",Android 14|e0:8b:a1:b2:85:2f|TLS1.3,2026-07-15 10:50:29.325496
use_6c304335,user,74,1.0,11.46,1.92,73.98,48.49,"device_fn:read_sensor:0.33, /api/v1/inventory:0.25, file://share/engineering:0.18, /api/v1/analytics:0.15, port:8080:0.07",Ubuntu 22.04|be:2d:91:bb:c2:f5|TLS1.3,2026-07-15 12:22:19.562017
use_b388e3fa,user,52,1.0,8.79,3.78,34.07,17.77,"port:502:0.20, file://share/engineering:0.20, /api/v1/analytics:0.18, file://share/finance:0.15, file://share/public:0.13",Ubuntu 22.04|48:37:78:1b:d7:82|TLS1.3,2026-07-14 07:12:51.596965
use_2428f95e,user,136,1.0,11.18,1.72,17.41,14.65,"/api/v1/config:0.20, file://share/legal:0.17, port:22:0.15, file://share/exec:0.13, port:8080:0.12",iOS 17|74:42:33:9f:62:bc|TLS1.3,2026-07-15 11:57:50.009787
ser_f34acce7,service_account,173,1.0,12.86,1.74,30.58,11.5,"port:3389:0.25, device_fn:read_sensor:0.19, port:8080:0.16, /api/v1/inventory:0.15, /api/v1/customers:0.13",iOS 17|1e:a7:6d:22:bf:c6|TLS1.3,2026-07-15 14:42:48.109956
ser_3fa8180e,service_account,175,1.0,12.59,2.08,225.91,188.28,"/api/v1/logs:0.23, /api/v1/auth:0.18, file://share/finance:0.14, file://share/public:0.14, port:8080:0.11",Windows 11|ef:6a:65:52:3c:bf|TLS1.3,2026-07-15 13:32:24.998954
ser_60846ce0,service_account,94,1.0,14.21,1.48,78.2,38.59,"port:502:0.34, /api/v1/orders:0.23, port:1883:0.17, port:3389:0.16, port:8080:0.09",macOS 14|84:93:4a:0d:f8:b5|TLS1.3,2026-07-15 15:36:58.267060
ser_d114e242,service_account,76,1.0,11.73,2.32,23.54,16.11,"/api/v1/analytics:0.27, file://share/exec:0.20, /api/v1/logs:0.18, /api/v1/users:0.13, /api/v1/customers:0.12",Ubuntu 22.04|3f:d5:f1:53:05:fa|TLS1.3,2026-07-14 13:16:07.145976
edg_cb6a38ef,edge_device,945,1.0,23.0,1.96,195.08,48.69,"/api/v1/customers:0.33, file://share/finance:0.25, file://share/public:0.20, file://share/exec:0.09, device_fn:write_config:0.07",Android 14|a7:49:d6:5a:13:b8|MQTT,2026-07-15 23:58:48.000000
use_8de0d7db,user,42,1.0,11.52,1.83,171.65,51.15,"port:3389:0.34, file://share/hr:0.29, /api/v1/inventory:0.19, file://share/finance:0.09, port:1883:0.06",FirmwareOS 3.2|9e:9d:8a:c5:e3:8c|TLS1.3,2026-07-15 10:19:54.134646
use_894c7542,user,112,1.0,15.4,1.86,24.66,12.13,"file://share/public:0.20, /api/v1/payments:0.19, port:502:0.18, port:1883:0.16, /api/v1/customers:0.15",Windows 11|fe:06:3d:43:41:76|TLS1.3,2026-07-15 17:22:23.836635
use_ec8d74ea,user,158,1.0,14.4,0.94,43.14,25.33,"port:3389:0.38, /api/v1/inventory:0.17, file://share/hr:0.15, /api/v1/orders:0.13, /api/v1/auth:0.07",iOS 17|28:fe:2e:41:78:33|TLS1.3,2026-07-15 15:12:36.575524
ser_7148d5a0,service_account,127,1.0,12.49,1.07,208.79,137.63,"/api/v1/auth:0.60, file://share/finance:0.15, /api/v1/logs:0.12, /api/v1/config:0.12, /api/v1/admin:0.01",FirmwareOS 3.2|84:c8:fc:6a:bf:ef|TLS1.3,2026-07-15 10:59:30.292772
use_d2d6b46d,user,149,1.0,12.96,1.05,98.85,60.18,"/api/v1/orders:0.29, /api/v1/reports:0.28, /api/v1/analytics:0.14, port:3389:0.11, device_fn:reboot:0.10",Ubuntu 22.04|9c:96:b3:8c:a5:96|TLS1.3,2026-07-15 13:50:12.557661
edg_8d39caf7,edge_device,822,1.0,22.07,3.12,46.83,21.11,"device_fn:reboot:0.26, port:502:0.23, /api/v1/auth:0.23, file://share/engineering:0.22, port:3389:0.06",Android 14|c2:35:5e:96:e2:3b|MQTT,2026-07-15 23:58:48.000000
use_4d73b03a,user,85,1.0,12.33,1.33,31.7,18.23,"/api/v1/config:0.24, /api/v1/users:0.20, file://share/finance:0.20, file://share/engineering:0.13, /api/v1/orders:0.12",macOS 14|eb:8b:63:a9:c5:6e|TLS1.3,2026-07-15 11:58:20.147274
ser_92cc7d1a,service_account,56,1.0,9.69,1.69,165.72,91.66,"/api/v1/reports:0.33, /api/v1/orders:0.18, /api/v1/config:0.16, device_fn:read_sensor:0.12, file://share/engineering:0.11",Android 14|11:74:d1:0b:17:6c|TLS1.3,2026-07-14 12:28:10.271577
use_89f485a7,user,68,1.0,11.11,1.78,24.43,11.51,"port:8080:0.29, /api/v1/inventory:0.25, port:1883:0.16, port:3389:0.12, file://share/hr:0.05",macOS 14|2d:58:c5:f0:03:a0|TLS1.3,2026-07-15 11:55:28.819059
use_7e3c31e3,user,154,1.0,12.97,2.24,225.74,169.33,"/api/v1/auth:0.51, port:502:0.22, /api/v1/config:0.13, file://share/public:0.09, /api/v1/orders:0.05",Ubuntu 22.04|d9:30:ee:98:f6:e0|TLS1.3,2026-07-15 14:37:24.416893
use_15f454da,user,89,1.0,12.49,1.58,20.1,22.81,"/api/v1/analytics:0.36, file://share/exec:0.31, port:1883:0.27, device_fn:read_sensor:0.05, /api/v1/auth:0.02",Android 14|b9:72:31:ee:d5:9c|TLS1.3,2026-07-15 11:50:20.222789
use_8d59186c,user,141,1.0,13.51,0.83,54.56,52.28,"/api/v1/config:0.41, file://share/finance:0.34, /api/v1/logs:0.09, /api/v1/customers:0.08, /api/v1/inventory:0.08",FirmwareOS 3.2|b1:eb:31:37:c0:4f|TLS1.3,2026-07-15 15:11:05.510123
ser_65f010b2,service_account,142,1.0,13.58,0.58,55.75,42.62,"/api/v1/customers:0.47, port:502:0.16, port:443:0.16, /api/v1/reports:0.09, /api/v1/admin:0.07",FirmwareOS 3.2|80:50:3b:2e:ff:30|TLS1.3,2026-07-15 14:23:25.900610
use_eb8bdda8,user,80,1.0,11.87,1.94,226.3,108.19,"port:502:0.37, file://share/exec:0.27, device_fn:read_sensor:0.14, /api/v1/analytics:0.11, port:443:0.09",macOS 14|0d:4d:59:6f:a9:c7|TLS1.3,2026-07-15 11:45:09.890427
use_c3dab66d,user,52,1.0,10.84,1.66,188.13,58.39,"/api/v1/config:0.33, file://share/finance:0.20, /api/v1/reports:0.19, device_fn:read_sensor:0.13, /api/v1/orders:0.10",FirmwareOS 3.2|27:48:93:27:74:1d|TLS1.3,2026-07-15 10:53:51.379467
use_7d536cde,user,137,1.0,13.8,1.91,16.16,5.59,"port:8080:0.42, file://share/engineering:0.22, port:502:0.17, port:3389:0.11, /api/v1/orders:0.06",Android 14|3f:2e:f3:16:7b:d5|TLS1.3,2026-07-15 14:18:11.936062
use_f06e2a71,user,42,1.0,15.35,1.41,55.19,43.47,"file://share/legal:0.31, /api/v1/analytics:0.26, port:8080:0.17, file://share/exec:0.16, /api/v1/customers:0.09",Android 14|ce:b1:be:10:57:a7|TLS1.3,2026-07-15 16:21:55.329305
use_ec66c548,user,75,1.0,13.45,0.8,34.29,23.34,"/api/v1/reports:0.43, port:502:0.14, /api/v1/analytics:0.12, /api/v1/payments:0.12, /api/v1/admin:0.09",iOS 17|da:a3:8e:a6:68:ab|TLS1.3,2026-07-15 13:56:11.550074
use_84dc6ff0,user,124,1.0,14.3,2.13,26.08,10.47,"file://share/engineering:0.29, file://share/hr:0.24, file://share/legal:0.20, /api/v1/logs:0.16, device_fn:reboot:0.10",Android 14|dd:68:06:57:f5:71|TLS1.3,2026-07-15 16:07:55.188033
ser_a3be7618,service_account,57,1.0,14.0,1.24,17.15,7.33,"port:3389:0.38, port:8080:0.22, device_fn:write_config:0.13, /api/v1/reports:0.10, file://share/hr:0.09",FirmwareOS 3.2|38:60:31:29:5f:eb|TLS1.3,2026-07-14 15:04:05.106372
use_87ee484f,user,163,1.0,13.89,0.73,54.94,37.77,"/api/v1/logs:0.36, /api/v1/orders:0.22, /api/v1/auth:0.21, port:502:0.12, device_fn:firmware_update:0.08",Ubuntu 22.04|58:bf:44:f7:9c:c5|TLS1.3,2026-07-15 14:31:45.436815
use_2b29df3e,user,107,1.0,12.22,0.67,33.9,26.49,"device_fn:read_sensor:0.40, port:443:0.20, /api/v1/inventory:0.18, port:1883:0.15, device_fn:reboot:0.06",Android 14|2e:52:58:5c:3e:0e|TLS1.3,2026-07-15 12:47:34.991932
use_7a9a26aa,user,42,1.0,13.37,0.84,38.51,14.42,"/api/v1/logs:0.43, /api/v1/customers:0.23, /api/v1/auth:0.16, device_fn:read_sensor:0.05, device_fn:reboot:0.04",Android 14|a1:f4:92:25:fd:85|TLS1.3,2026-07-13 13:47:54.580697
use_0089c4b4,user,179,1.0,18.31,1.94,211.32,110.95,"/api/v1/customers:0.40, /api/v1/logs:0.31, /api/v1/config:0.18, port:22:0.11",FirmwareOS 3.2|47:cc:88:ee:50:08|TLS1.3,2026-07-15 19:47:41.092941
use_0d73eae5,user,91,1.0,15.69,1.44,129.61,51.91,"port:22:0.44, device_fn:firmware_update:0.22, file://share/legal:0.17, /api/v1/analytics:0.14, /api/v1/billing:0.03",Android 14|ae:0f:89:72:be:33|TLS1.3,2026-07-15 16:32:05.264615
use_7d05dc22,user,108,1.0,13.83,2.74,226.42,237.62,"/api/v1/users:0.27, file://share/public:0.26, file://share/legal:0.17, /api/v1/customers:0.16, port:8080:0.08",Ubuntu 22.04|2d:d9:63:f6:21:77|TLS1.3,2026-07-15 15:22:40.768709
use_9d81411b,user,61,1.0,13.42,1.62,190.4,111.58,"/api/v1/customers:0.44, /api/v1/inventory:0.18, device_fn:write_config:0.17, port:1883:0.11, file://share/exec:0.08",iOS 17|0e:38:fc:81:9f:e3|TLS1.3,2026-07-14 13:55:36.726802
ser_b21d8408,service_account,158,1.0,16.89,1.78,30.93,20.96,"port:3389:0.32, device_fn:reboot:0.26, /api/v1/payments:0.20, /api/v1/logs:0.13, /api/v1/customers:0.10",Android 14|d4:6a:c0:87:a8:a0|TLS1.3,2026-07-15 19:13:19.085434
ser_83493fb9,service_account,42,1.0,15.93,0.95,36.14,38.15,"/api/v1/analytics:0.47, port:1883:0.20, /api/v1/inventory:0.15, /api/v1/reports:0.12, /api/v1/users:0.06",FirmwareOS 3.2|7b:0c:7e:75:dd:b6|TLS1.3,2026-07-15 15:34:05.005522
use_89891bed,user,148,1.0,12.95,0.76,71.02,24.04,"file://share/public:0.58, /api/v1/admin:0.26, port:443:0.09, file://share/finance:0.07, /api/v1/auth:0.00",FirmwareOS 3.2|db:d3:46:a1:2a:c2|TLS1.3,2026-07-15 14:09:24.008473
ser_964b0ca6,service_account,79,1.0,14.15,1.5,40.45,17.38,"/api/v1/orders:0.29, /api/v1/logs:0.23, /api/v1/config:0.21, /api/v1/payments:0.16, /api/v1/billing:0.07",macOS 14|51:44:6f:80:b7:6e|TLS1.3,2026-07-15 13:50:30.878408
ser_d88f7782,service_account,135,1.0,17.04,3.08,17.23,13.77,"/api/v1/inventory:0.39, file://share/exec:0.24, /api/v1/payments:0.11, file://share/legal:0.07, device_fn:reboot:0.07",macOS 14|d0:83:c7:13:a4:ad|TLS1.3,2026-07-15 15:34:20.791063
use_86cc7366,user,102,1.0,15.71,2.22,16.28,10.56,"device_fn:read_sensor:0.25, /api/v1/config:0.13, file://share/finance:0.13, device_fn:firmware_update:0.13, /api/v1/logs:0.07",Windows 11|60:d6:f7:7c:7c:0c|TLS1.3,2026-07-15 13:44:30.777546
edg_12009b05,edge_device,592,1.0,20.6,2.55,135.6,76.62,"port:1883:0.40, file://share/exec:0.20, device_fn:reboot:0.18, /api/v1/customers:0.10, /api/v1/billing:0.09",iOS 17|86:03:4a:87:20:21|MQTT,2026-07-15 23:31:01.263446
ser_c5e339c5,service_account,109,1.0,11.49,1.82,158.32,90.41,"/api/v1/users:0.47, port:502:0.16, device_fn:write_config:0.13, /api/v1/auth:0.10, port:8080:0.08",FirmwareOS 3.2|2e:bf:93:01:91:cd|TLS1.3,2026-07-15 10:56:41.295940
use_70e3bdf8,user,123,1.0,16.26,2.93,185.64,56.55,"port:8080:0.39, /api/v1/billing:0.19, /api/v1/reports:0.17, device_fn:write_config:0.16, file://share/public:0.06",Ubuntu 22.04|2a:a3:90:83:ad:d9|TLS1.3,2026-07-14 17:19:28.078977
edg_2abbc8f1,edge_device,705,1.0,22.15,1.69,45.64,25.68,"/api/v1/analytics:0.33, file://share/public:0.22, /api/v1/admin:0.19, /api/v1/payments:0.14, port:1883:0.07",Android 14|b9:bf:bf:47:fd:73|MQTT,2026-07-15 23:58:48.000000
use_444477e3,user,142,1.0,15.73,1.21,48.99,27.14,"device_fn:reboot:0.29, file://share/finance:0.16, device_fn:read_sensor:0.11, /api/v1/config:0.11, port:8080:0.11",Ubuntu 22.04|d5:0b:87:6e:35:a4|TLS1.3,2026-07-15 15:17:09.380814
ser_1debe12f,service_account,49,1.0,13.27,4.76,94.41,81.6,"/api/v1/inventory:0.38, /api/v1/auth:0.28, file://share/hr:0.21, /api/v1/customers:0.06, port:22:0.03",Windows 11|10:42:65:a5:01:04|TLS1.3,2026-07-13 15:14:12.679372
edg_a661b63c,edge_device,1411,1.0,23.86,0.58,117.6,54.97,"file://share/engineering:0.31, file://share/finance:0.25, device_fn:reboot:0.17, /api/v1/config:0.15, port:502:0.07",macOS 14|38:12:79:ae:3c:00|MQTT,2026-07-15 23:58:48.000000
ser_43a9904f,service_account,37,1.0,14.53,1.55,211.5,145.02,"file://share/finance:0.50, device_fn:read_sensor:0.20, file://share/engineering:0.20, port:3389:0.07, /api/v1/auth:0.03",Android 14|f0:9d:7b:6a:a3:92|TLS1.3,2026-07-14 14:44:24.372077
ser_ed6d7033,service_account,155,1.0,14.73,0.83,83.02,55.97,"file://share/public:0.22, /api/v1/billing:0.22, /api/v1/reports:0.21, /api/v1/orders:0.19, /api/v1/config:0.09",Ubuntu 22.04|5d:19:3c:6f:26:92|TLS1.3,2026-07-15 16:11:45.572598
ser_3a6766d1,service_account,170,1.0,14.25,1.96,15.98,5.22,"port:3389:0.32, /api/v1/admin:0.31, file://share/exec:0.21, /api/v1/billing:0.16, /api/v1/auth:0.00",macOS 14|64:ed:86:e4:1a:17|TLS1.3,2026-07-15 16:56:22.678481
use_8634ee8f,user,134,1.0,14.81,0.89,51.42,22.39,"/api/v1/logs:0.39, /api/v1/reports:0.24, /api/v1/users:0.19, /api/v1/auth:0.19",Windows 11|fd:6d:14:47:25:af|TLS1.3,2026-07-15 16:02:52.868789
edg_d2c0e590,edge_device,1184,1.0,22.95,1.45,78.16,44.08,"device_fn:write_config:0.32, file://share/legal:0.30, file://share/finance:0.21, /api/v1/config:0.17, /api/v1/auth:0.00",FirmwareOS 3.2|9b:6f:b0:94:29:a0|MQTT,2026-07-15 23:58:48.000000
ser_f99ef7f8,service_account,115,1.0,14.62,1.4,166.99,101.08,"/api/v1/config:0.32, port:8080:0.29, port:3389:0.19, /api/v1/billing:0.19, /api/v1/customers:0.01",Ubuntu 22.04|77:e4:63:ce:34:3f|TLS1.3,2026-07-14 15:48:27.285018
use_ef4aeef6,user,134,1.0,16.74,1.33,165.5,114.83,"file://share/finance:0.38, /api/v1/config:0.30, file://share/exec:0.19, file://share/legal:0.13, /api/v1/auth:0.00",Ubuntu 22.04|15:3f:17:95:53:6f|TLS1.3,2026-07-15 18:12:50.571782
edg_9b0cdf15,edge_device,896,1.0,23.17,2.0,144.05,73.04,"port:502:0.22, file://share/exec:0.22, /api/v1/customers:0.20, /api/v1/config:0.15, /api/v1/admin:0.09",macOS 14|91:a0:65:a0:51:59|MQTT,2026-07-15 23:58:48.000000
ser_02578264,service_account,31,1.0,14.78,1.88,146.3,73.8,"port:443:0.28, /api/v1/admin:0.22, port:3389:0.21, file://share/hr:0.10, device_fn:firmware_update:0.10",iOS 17|fd:b4:5d:6f:d9:d7|TLS1.3,2026-07-10 14:26:25.713632
use_99355c9b,user,54,1.0,17.24,1.59,50.07,30.23,"device_fn:read_sensor:0.27, /api/v1/auth:0.26, file://share/engineering:0.17, /api/v1/customers:0.16, /api/v1/payments:0.10",FirmwareOS 3.2|f3:fe:96:ac:41:d0|TLS1.3,2026-07-13 18:36:45.721602
use_1d1cf409,user,99,1.0,16.19,0.9,71.4,23.62,"/api/v1/auth:0.25, /api/v1/reports:0.17, /api/v1/logs:0.15, /api/v1/payments:0.13, /api/v1/config:0.12",Windows 11|22:ca:a8:48:bc:b1|TLS1.3,2026-07-15 16:43:16.833670
use_cc56e7c4,user,140,1.0,15.71,2.34,91.31,43.55,"/api/v1/config:0.26, file://share/exec:0.18, /api/v1/auth:0.16, /api/v1/logs:0.16, file://share/finance:0.16",FirmwareOS 3.2|21:6d:cf:9c:ae:76|TLS1.3,2026-07-15 16:58:11.746767
ser_6d6706ed,service_account,63,1.0,15.68,1.44,241.79,95.53,"file://share/legal:0.29, /api/v1/admin:0.28, /api/v1/logs:0.17, file://share/engineering:0.10, /api/v1/billing:0.09",macOS 14|47:90:01:41:2a:9e|TLS1.3,2026-07-15 15:56:44.075834
use_b7117f37,user,215,1.0,15.3,0.62,214.49,101.72,"/api/v1/auth:0.37, /api/v1/admin:0.23, device_fn:firmware_update:0.11, /api/v1/users:0.10, /api/v1/inventory:0.08",macOS 14|e9:ae:0e:20:eb:35|TLS1.3,2026-07-15 15:56:07.184918
use_9aaef38e,user,115,1.0,15.77,1.04,47.58,30.55,"/api/v1/admin:0.32, file://share/exec:0.15, /api/v1/reports:0.15, file://share/public:0.12, file://share/finance:0.11",Windows 11|08:dd:98:20:50:b0|TLS1.3,2026-07-15 16:49:52.178171
ser_c5c85fd2,service_account,57,1.0,11.33,1.28,104.31,41.62,"device_fn:reboot:0.33, /api/v1/customers:0.19, /api/v1/payments:0.17, device_fn:read_sensor:0.13, /api/v1/analytics:0.10",iOS 17|b8:3b:18:e8:df:e2|TLS1.3,2026-07-15 11:55:14.197662
use_2a0477ef,user,150,1.0,17.49,1.93,110.72,58.02,"/api/v1/payments:0.37, /api/v1/reports:0.25, port:502:0.14, port:443:0.12, file://share/legal:0.11",Android 14|1f:0c:b9:f7:ae:d7|TLS1.3,2026-07-15 19:31:18.205092
use_b47bce27,user,61,1.0,13.97,1.71,12.63,7.5,"/api/v1/payments:0.27, file://share/hr:0.25, port:502:0.15, device_fn:reboot:0.12, /api/v1/analytics:0.07",Ubuntu 22.04|6e:e3:75:04:05:6e|TLS1.3,2026-07-13 15:38:11.505146
ser_23697116,service_account,167,1.0,18.97,2.16,178.73,85.84,"device_fn:read_sensor:0.17, file://share/hr:0.17, /api/v1/orders:0.16, file://share/legal:0.13, port:443:0.13",Ubuntu 22.04|3a:89:9e:9d:a3:83|TLS1.3,2026-07-15 18:37:19.813498
use_2719f255,user,190,1.0,16.57,0.9,53.83,26.1,"/api/v1/orders:0.31, /api/v1/inventory:0.30, /api/v1/payments:0.14, device_fn:firmware_update:0.10, device_fn:reboot:0.09",Android 14|dc:2c:2f:67:76:3c|TLS1.3,2026-07-15 16:10:54.315994
use_90d51ff2,user,64,1.0,14.45,1.49,10.09,5.41,"port:3389:0.38, /api/v1/users:0.18, file://share/hr:0.13, file://share/public:0.13, port:443:0.09",Windows 11|fb:36:46:68:fe:da|TLS1.3,2026-07-13 15:00:27.842986
use_8a10402b,user,122,1.0,18.02,3.37,30.25,14.62,"file://share/legal:0.31, /api/v1/orders:0.25, device_fn:write_config:0.14, device_fn:reboot:0.13, /api/v1/reports:0.10",Windows 11|f3:d7:a9:7b:84:b6|TLS1.3,2026-07-15 17:07:06.488597
use_1ba71a31,user,75,1.0,18.93,1.06,169.65,65.21,"/api/v1/config:0.48, file://share/public:0.32, file://share/finance:0.09, port:443:0.09, device_fn:write_config:0.02",Android 14|7a:84:c0:b2:22:ac|TLS1.3,2026-07-14 20:05:35.101375
edg_d10a6721,edge_device,683,1.0,21.98,2.95,13.5,6.31,"port:1883:0.23, device_fn:read_sensor:0.21, /api/v1/auth:0.19, /api/v1/logs:0.14, device_fn:reboot:0.11",Windows 11|8b:5e:4f:d4:75:ce|MQTT,2026-07-15 23:58:48.000000
ser_30da2135,service_account,81,1.0,15.95,1.29,194.37,149.53,"file://share/finance:0.32, file://share/hr:0.25, device_fn:write_config:0.19, device_fn:firmware_update:0.19, file://share/engineering:0.05",Ubuntu 22.04|df:3a:26:70:15:d5|TLS1.3,2026-07-15 15:50:35.527816
ser_d2832ef0,service_account,65,1.0,14.71,2.23,38.57,13.51,"device_fn:reboot:0.37, /api/v1/inventory:0.13, port:22:0.12, port:443:0.11, /api/v1/reports:0.08",Ubuntu 22.04|dc:5c:a1:09:ff:96|TLS1.3,2026-07-15 12:57:17.046199
use_22605033,user,65,1.0,18.32,2.32,105.6,67.72,"file://share/public:0.31, /api/v1/admin:0.22, /api/v1/auth:0.15, /api/v1/inventory:0.13, port:3389:0.05",Ubuntu 22.04|5c:f6:43:2d:ae:33|TLS1.3,2026-07-15 20:52:35.046637
ser_839617bc,service_account,96,1.0,14.79,1.13,126.79,54.95,"/api/v1/config:0.32, port:8080:0.27, file://share/public:0.26, file://share/engineering:0.16",FirmwareOS 3.2|b2:93:02:e9:91:3d|TLS1.3,2026-07-15 16:24:12.241382
use_6c3d5190,user,84,1.0,18.48,3.36,36.0,18.94,"port:502:0.39, /api/v1/admin:0.23, port:8080:0.17, /api/v1/customers:0.09, /api/v1/config:0.08",iOS 17|45:73:f8:91:62:76|TLS1.3,2026-07-15 16:30:37.000833
ser_5a945d55,service_account,178,1.0,16.97,4.92,219.05,150.35,"/api/v1/users:0.25, device_fn:firmware_update:0.20, /api/v1/orders:0.16, /api/v1/analytics:0.16, port:22:0.09",iOS 17|b3:7c:a0:bd:b5:3e|TLS1.3,2026-07-15 19:58:04.223141
ser_4bb37fd9,service_account,124,1.0,17.39,0.96,107.7,60.93,"file://share/finance:0.24, /api/v1/customers:0.19, /api/v1/users:0.17, file://share/hr:0.15, port:22:0.13",Ubuntu 22.04|9f:83:a7:12:9b:0a|TLS1.3,2026-07-15 17:30:59.193478
ser_3c0bcec0,service_account,146,1.0,17.12,0.83,219.61,201.93,"file://share/engineering:0.38, file://share/finance:0.22, port:22:0.16, port:8080:0.15, device_fn:write_config:0.09",iOS 17|89:1b:11:0e:b1:d8|TLS1.3,2026-07-15 18:09:07.211920
ser_2668f0b1,service_account,162,1.0,17.37,0.75,16.88,9.81,"device_fn:reboot:0.24, device_fn:write_config:0.21, port:1883:0.20, /api/v1/logs:0.20, device_fn:firmware_update:0.14",macOS 14|a2:40:cb:76:3b:55|TLS1.3,2026-07-15 18:22:02.359708
use_807d7043,user,102,1.0,17.17,1.01,17.93,10.19,"/api/v1/reports:0.22, device_fn:write_config:0.21, port:502:0.19, /api/v1/inventory:0.16, port:1883:0.14",macOS 14|cd:3b:c9:aa:0d:59|TLS1.3,2026-07-15 17:53:50.928137
use_3d500977,user,162,1.0,18.52,1.3,87.52,45.2,"/api/v1/config:0.40, /api/v1/billing:0.17, /api/v1/auth:0.15, /api/v1/reports:0.14, port:502:0.10",FirmwareOS 3.2|1d:46:8c:e2:dd:30|TLS1.3,2026-07-15 20:23:33.023034
use_a043d60b,user,163,1.0,17.53,0.83,82.41,29.31,"port:8080:0.56, port:1883:0.17, /api/v1/users:0.15, file://share/public:0.10, file://share/exec:0.02",macOS 14|bf:7e:6e:3d:04:0d|TLS1.3,2026-07-15 18:34:06.658700
use_b8fad3cd,user,121,1.0,16.41,2.71,61.44,31.32,"/api/v1/orders:0.24, port:443:0.21, /api/v1/admin:0.18, port:8080:0.13, port:22:0.12",Ubuntu 22.04|77:1b:f0:f7:2a:66|TLS1.3,2026-07-15 16:38:56.050449
ser_998c1f9e,service_account,167,1.0,18.05,1.06,23.74,16.76,"/api/v1/logs:0.21, /api/v1/orders:0.19, file://share/public:0.16, file://share/legal:0.14, file://share/engineering:0.12",Android 14|8a:4e:19:9e:89:c2|TLS1.3,2026-07-15 18:30:40.171627
use_3229df66,user,139,1.0,17.4,0.73,50.62,32.48,"/api/v1/payments:0.46, /api/v1/inventory:0.18, port:3389:0.15, port:22:0.14, /api/v1/reports:0.06",macOS 14|c9:75:02:21:75:65|TLS1.3,2026-07-15 17:51:02.287070
use_8f600c8d,user,99,1.0,16.85,1.89,157.59,108.03,"/api/v1/admin:0.32, file://share/exec:0.21, /api/v1/config:0.18, /api/v1/inventory:0.11, file://share/legal:0.11",Android 14|09:c2:f5:78:8a:7f|TLS1.3,2026-07-15 17:20:18.019344
use_539c4bd2,user,68,1.0,15.3,2.46,34.52,12.86,"/api/v1/payments:0.30, /api/v1/inventory:0.28, /api/v1/analytics:0.16, /api/v1/billing:0.14, /api/v1/logs:0.06",Android 14|ac:95:4e:0b:b4:d3|TLS1.3,2026-07-15 17:47:06.196466
ser_23f5908c,service_account,101,1.0,18.0,2.28,189.7,59.76,"/api/v1/admin:0.40, port:443:0.25, /api/v1/auth:0.15, /api/v1/reports:0.15, /api/v1/inventory:0.03",iOS 17|11:7d:f3:e8:9c:f6|TLS1.3,2026-07-15 20:02:20.273408
use_e9039b3d,user,101,1.0,19.69,1.6,118.94,46.18,"/api/v1/inventory:0.30, /api/v1/billing:0.26, port:443:0.25, file://share/hr:0.19, /api/v1/auth:0.00",Ubuntu 22.04|24:46:7c:ab:7d:70|TLS1.3,2026-07-15 21:38:06.743134
use_a616ed18,user,134,1.0,18.02,0.66,117.56,55.61,"file://share/hr:0.17, /api/v1/logs:0.16, device_fn:firmware_update:0.14, /api/v1/payments:0.13, file://share/finance:0.12",FirmwareOS 3.2|04:4d:98:2c:77:fe|TLS1.3,2026-07-15 18:49:25.604439
use_6e9caecf,user,67,1.0,19.72,1.13,87.71,31.89,"/api/v1/auth:0.25, device_fn:read_sensor:0.19, /api/v1/customers:0.18, device_fn:firmware_update:0.17, /api/v1/admin:0.11",FirmwareOS 3.2|f1:7c:10:31:bc:de|TLS1.3,2026-07-14 20:15:27.185693
ser_053b62a4,service_account,113,1.0,18.34,1.29,156.44,94.5,"/api/v1/analytics:0.42, device_fn:reboot:0.24, /api/v1/customers:0.21, device_fn:read_sensor:0.13",FirmwareOS 3.2|3c:9b:4b:a8:ef:d4|TLS1.3,2026-07-15 16:42:51.005761
use_2ad3a4c7,user,127,1.0,18.11,2.01,157.72,117.32,"/api/v1/auth:0.28, /api/v1/payments:0.16, file://share/legal:0.15, port:443:0.12, /api/v1/admin:0.11",iOS 17|12:1e:98:91:8e:28|TLS1.3,2026-07-15 19:02:35.570631
edg_49812f87,edge_device,450,1.0,22.27,2.26,115.9,26.23,"device_fn:firmware_update:0.20, /api/v1/logs:0.19, device_fn:reboot:0.18, port:3389:0.13, file://share/hr:0.10",FirmwareOS 3.2|cb:fa:5a:20:9d:c8|MQTT,2026-07-15 23:58:48.000000
ser_95dae1f0,service_account,41,1.0,20.44,5.63,248.15,142.04,"/api/v1/orders:0.49, port:1883:0.20, /api/v1/billing:0.19, /api/v1/auth:0.07, file://share/public:0.05",Android 14|a6:b8:14:d7:52:01|TLS1.3,2026-07-14 23:58:48.000000
ser_75dfe491,service_account,147,1.0,18.93,2.51,69.4,18.67,"/api/v1/analytics:0.49, file://share/exec:0.27, /api/v1/billing:0.21, port:443:0.03, /api/v1/auth:0.00",Windows 11|57:b4:14:d6:e7:90|TLS1.3,2026-07-15 21:55:10.272833
use_4f27c303,user,41,1.0,18.47,1.37,14.91,8.78,"/api/v1/auth:0.37, /api/v1/config:0.29, file://share/public:0.13, /api/v1/payments:0.10, file://share/hr:0.05",iOS 17|fd:b2:89:fc:cc:75|TLS1.3,2026-07-11 18:53:20.703224
ser_cb4c58ab,service_account,33,1.0,18.17,1.7,18.94,14.7,"port:502:0.29, file://share/engineering:0.25, /api/v1/auth:0.13, file://share/public:0.13, port:22:0.11",Ubuntu 22.04|94:34:40:dc:e0:c3|TLS1.3,2026-07-13 17:26:53.491710
ser_36fdfb47,service_account,155,1.0,19.3,2.24,58.35,37.06,"port:22:0.22, /api/v1/customers:0.21, port:8080:0.19, /api/v1/analytics:0.13, port:443:0.10",Ubuntu 22.04|e0:84:3e:17:bc:cf|TLS1.3,2026-07-15 18:39:10.970723
use_73074891,user,56,1.0,7.58,2.23,32.84,10.18,"/api/v1/config:0.32, file://share/engineering:0.15, file://share/hr:0.15, port:443:0.13, /api/v1/analytics:0.12",macOS 14|2b:73:b0:a6:e8:1c|TLS1.3,2026-07-14 10:30:18.343960
ser_bd7b1634,service_account,42,1.0,15.41,2.74,17.88,32.63,"/api/v1/inventory:0.15, port:22:0.13, device_fn:firmware_update:0.11, port:502:0.09, device_fn:reboot:0.08",Windows 11|85:70:24:44:e1:23|TLS1.3,2026-07-15 16:53:43.647700
use_e2456870,user,28,1.0,10.63,1.47,62.92,29.02,"port:22:0.43, /api/v1/logs:0.21, /api/v1/payments:0.16, port:3389:0.09, /api/v1/auth:0.07",FirmwareOS 3.2|71:52:70:01:98:98|TLS1.3,2026-07-12 09:42:41.857478
use_fbaf9d15,user,134,1.0,9.53,1.6,12.87,8.39,"/api/v1/logs:0.41, file://share/public:0.28, port:502:0.27, file://share/engineering:0.03, /api/v1/billing:0.01",Windows 11|ef:de:d9:b0:ac:88|TLS1.3,2026-07-14 09:27:59.809087
use_740c956e,user,69,1.0,19.86,1.92,77.53,48.21,"/api/v1/logs:0.33, /api/v1/customers:0.27, port:443:0.17, /api/v1/config:0.14, /api/v1/inventory:0.09",FirmwareOS 3.2|b8:dc:66:ee:52:34|TLS1.3,2026-07-15 21:19:54.613822
use_0b1dcab9,user,114,1.0,19.23,1.28,21.51,18.33,"port:8080:0.27, device_fn:write_config:0.26, file://share/exec:0.24, /api/v1/customers:0.17, /api/v1/auth:0.05",Windows 11|87:85:08:82:ef:6f|TLS1.3,2026-07-15 19:52:13.104707
use_2766c99c,user,125,1.0,18.34,1.31,22.27,9.09,"/api/v1/billing:0.34, port:1883:0.24, port:22:0.21, file://share/legal:0.19, /api/v1/logs:0.02",Windows 11|56:8c:ae:26:e5:33|TLS1.3,2026-07-15 16:43:40.174491
use_b22a100b,user,56,1.0,17.86,2.29,22.39,10.29,"/api/v1/billing:0.45, /api/v1/admin:0.22, /api/v1/logs:0.11, /api/v1/analytics:0.09, file://share/hr:0.06",Ubuntu 22.04|d3:77:44:e1:8f:a2|TLS1.3,2026-07-13 19:17:28.437123
use_70c3ff91,user,43,1.0,17.82,1.37,158.21,216.35,"file://share/hr:0.28, port:3389:0.18, file://share/exec:0.16, /api/v1/inventory:0.13, file://share/engineering:0.11",Android 14|5e:1f:42:18:b1:a4|TLS1.3,2026-07-14 19:08:51.078108
edg_4ee5b33d,edge_device,276,1.0,22.31,2.46,284.14,92.35,"/api/v1/admin:0.24, /api/v1/config:0.20, port:22:0.19, device_fn:reboot:0.16, /api/v1/users:0.10",FirmwareOS 3.2|d3:e0:79:06:d7:ad|MQTT,2026-07-15 23:58:48.000000
use_cebcb105,user,50,1.0,16.34,4.84,30.06,39.55,"/api/v1/inventory:0.25, file://share/finance:0.23, file://share/hr:0.14, file://share/legal:0.11, /api/v1/auth:0.08",Ubuntu 22.04|53:6f:ce:d7:63:e5|TLS1.3,2026-07-15 17:33:00.305377
ser_abc6b7a4,service_account,161,1.0,20.03,2.46,12.87,7.52,"port:502:0.38, port:8080:0.22, /api/v1/inventory:0.20, /api/v1/customers:0.12, /api/v1/reports:0.08",FirmwareOS 3.2|c1:41:73:78:ca:59|TLS1.3,2026-07-15 23:18:35.231235
ser_d480d167,service_account,24,1.0,19.01,1.9,161.96,67.69,"/api/v1/payments:0.26, file://share/public:0.21, device_fn:firmware_update:0.15, file://share/legal:0.14, port:8080:0.07",iOS 17|e5:d9:51:f0:5e:de|TLS1.3,2026-07-15 17:03:45.974739
use_04865a66,user,63,1.0,9.65,2.18,52.97,25.67,"port:443:0.33, device_fn:reboot:0.19, /api/v1/admin:0.16, /api/v1/customers:0.16, device_fn:write_config:0.07",Windows 11|8c:1a:c2:fc:8d:2d|TLS1.3,2026-07-15 08:40:01.855493
edg_c3bc3d6a,edge_device,450,1.0,23.3,1.42,21.09,8.76,"/api/v1/customers:0.39, /api/v1/users:0.27, port:3389:0.19, /api/v1/inventory:0.15",Windows 11|2c:6b:7f:d5:94:27|MQTT,2026-07-15 23:58:48.000000
use_7a38822f,user,55,1.0,10.99,1.86,21.01,10.52,"device_fn:read_sensor:0.40, file://share/public:0.23, file://share/engineering:0.17, /api/v1/reports:0.10, file://share/legal:0.10",Windows 11|43:ba:d1:a4:e0:3f|TLS1.3,2026-07-15 13:00:23.196492
use_7061a6b0,user,86,1.0,7.97,2.67,39.72,23.01,"file://share/engineering:0.30, device_fn:reboot:0.23, file://share/finance:0.19, port:502:0.14, file://share/public:0.07",Android 14|89:b3:41:a6:71:f0|TLS1.3,2026-07-15 10:46:43.093062
use_b9ab2720,user,112,1.0,10.79,2.26,149.36,52.54,"/api/v1/logs:0.35, file://share/exec:0.20, /api/v1/customers:0.17, port:8080:0.14, /api/v1/payments:0.09",iOS 17|a9:83:72:8d:ef:40|TLS1.3,2026-07-13 09:30:37.048691
use_4fe2278e,user,81,1.0,9.76,1.45,99.28,26.73,"file://share/public:0.29, /api/v1/users:0.24, port:8080:0.20, port:443:0.19, file://share/finance:0.04",iOS 17|c1:b1:17:7e:e3:b6|TLS1.3,2026-07-15 12:05:03.396906
use_7b1cf944,user,102,1.0,13.33,3.05,29.54,18.41,"device_fn:firmware_update:0.44, file://share/legal:0.27, port:3389:0.21, /api/v1/payments:0.05, /api/v1/auth:0.02",FirmwareOS 3.2|2a:9c:0d:e0:f4:f9|TLS1.3,2026-07-14 15:47:11.896355
use_11c8559e,user,81,1.0,10.62,1.31,45.63,33.04,"file://share/public:0.40, /api/v1/auth:0.14, /api/v1/users:0.10, /api/v1/logs:0.10, port:22:0.08",FirmwareOS 3.2|f2:90:b6:eb:c9:4c|TLS1.3,2026-07-13 10:11:08.121126
ser_a866f5c2,service_account,66,1.0,8.08,1.86,92.81,51.55,"port:443:0.46, /api/v1/customers:0.22, device_fn:firmware_update:0.15, file://share/public:0.05, /api/v1/admin:0.05",Ubuntu 22.04|4e:05:e3:53:ce:32|TLS1.3,2026-07-15 08:41:22.922363
use_e97b847d,user,78,1.0,11.2,0.74,20.7,8.26,"port:502:0.44, file://share/engineering:0.26, port:443:0.11, /api/v1/payments:0.10, file://share/public:0.08",macOS 14|04:d8:ad:12:d7:07|TLS1.3,2026-07-15 11:18:25.426211
use_337ebc72,user,149,1.0,15.71,1.34,31.33,17.68,"file://share/engineering:0.30, /api/v1/orders:0.25, device_fn:read_sensor:0.15, /api/v1/config:0.14, file://share/finance:0.07",FirmwareOS 3.2|81:3e:95:b5:84:4a|TLS1.3,2026-07-15 17:06:39.337359
use_52eb0ffc,user,89,1.0,12.67,1.9,35.41,25.6,"device_fn:firmware_update:0.28, port:8080:0.26, device_fn:write_config:0.16, /api/v1/customers:0.10, /api/v1/billing:0.09",macOS 14|3c:86:e3:c6:7a:fa|TLS1.3,2026-07-15 14:03:33.841780
use_7c473ded,user,24,1.0,14.09,1.13,41.39,23.59,"port:22:0.36, file://share/engineering:0.35, /api/v1/customers:0.17, port:8080:0.09",FirmwareOS 3.2|7b:a1:a1:64:2d:02|TLS1.3,2026-07-15 13:25:36.293261
use_9ed8a8c5,user,117,1.0,15.71,2.3,43.99,17.23,"device_fn:write_config:0.40, /api/v1/orders:0.22, /api/v1/auth:0.18, /api/v1/config:0.07, /api/v1/payments:0.07",Android 14|9e:d3:e4:c5:9c:80|TLS1.3,2026-07-15 15:43:24.032941
ser_6d9a6970,service_account,138,1.0,13.92,1.7,105.3,56.38,"port:3389:0.43, device_fn:firmware_update:0.22, /api/v1/config:0.20, device_fn:read_sensor:0.14, /api/v1/auth:0.00",Android 14|0e:72:27:d0:bc:0d|TLS1.3,2026-07-15 14:30:43.163049
use_59dcf7f5,user,46,1.0,14.46,3.77,16.88,6.84,"/api/v1/billing:0.31, device_fn:firmware_update:0.20, /api/v1/payments:0.12, /api/v1/config:0.10, /api/v1/analytics:0.05",Android 14|b8:ff:c3:74:50:df|TLS1.3,2026-07-14 16:38:23.338344
use_462326f8,user,70,1.0,13.25,3.84,134.08,92.93,"device_fn:firmware_update:0.37, /api/v1/auth:0.22, file://share/finance:0.18, port:8080:0.13, port:22:0.05",macOS 14|30:a4:49:ca:cc:9f|TLS1.3,2026-07-15 12:40:22.427105
use_ac286361,user,76,1.0,15.82,2.0,70.77,28.28,"file://share/engineering:0.38, /api/v1/inventory:0.26, /api/v1/reports:0.19, file://share/finance:0.11, file://share/hr:0.05",macOS 14|ea:da:bf:41:5a:9c|TLS1.3,2026-07-15 12:57:09.250560
use_d03f769f,user,125,1.0,20.39,1.37,23.36,7.83,"port:8080:0.24, /api/v1/billing:0.21, /api/v1/customers:0.14, file://share/legal:0.14, file://share/exec:0.12",iOS 17|03:65:74:9f:56:ec|TLS1.3,2026-07-15 20:45:57.561803
use_3e707f84,user,55,1.0,18.17,1.09,252.67,135.73,"device_fn:read_sensor:0.35, port:3389:0.28, /api/v1/customers:0.22, port:1883:0.09, /api/v1/reports:0.05",Ubuntu 22.04|02:1a:de:c9:26:b9|TLS1.3,2026-07-13 19:04:38.296807
ser_2c85dddf,service_account,91,1.0,18.78,1.86,15.45,9.14,"file://share/hr:0.42, /api/v1/admin:0.31, /api/v1/auth:0.21, port:502:0.06",iOS 17|44:b4:7d:5a:a9:98|TLS1.3,2026-07-15 19:05:54.562931
ser_5ab9573c,service_account,60,1.0,19.87,0.91,83.53,55.04,"port:1883:0.24, device_fn:firmware_update:0.22, /api/v1/logs:0.17, file://share/exec:0.16, /api/v1/customers:0.10",Windows 11|85:ae:4c:41:bc:b8|TLS1.3,2026-07-15 19:47:47.222722
use_b3362063,user,39,1.0,19.44,5.33,15.59,22.06,"device_fn:write_config:0.15, /api/v1/orders:0.13, /api/v1/analytics:0.11, file://share/engineering:0.09, /api/v1/logs:0.09",iOS 17|ec:ca:c8:e0:5f:52|TLS1.3,2026-07-13 23:06:23.255378
ser_15a59448,service_account,44,1.0,9.39,1.43,79.14,34.22,"device_fn:reboot:0.35, /api/v1/admin:0.26, /api/v1/payments:0.25, /api/v1/customers:0.07, /api/v1/orders:0.05",macOS 14|a4:59:2b:6c:9c:c0|TLS1.3,2026-07-14 11:26:40.862001
use_99d533eb,user,87,1.0,7.74,2.29,33.05,28.68,"port:443:0.19, /api/v1/auth:0.16, /api/v1/admin:0.15, port:8080:0.14, /api/v1/orders:0.13",macOS 14|04:ea:34:67:53:67|TLS1.3,2026-07-15 07:38:20.166984
use_7b836ca2,user,39,1.0,9.04,1.39,93.21,64.83,"device_fn:write_config:0.30, /api/v1/config:0.24, device_fn:firmware_update:0.12, /api/v1/customers:0.11, /api/v1/logs:0.11",iOS 17|c5:70:25:58:95:c4|TLS1.3,2026-07-14 08:48:46.445220
use_9ccd01ff,user,46,1.0,12.83,1.62,292.63,116.8,"/api/v1/auth:0.47, file://share/legal:0.26, device_fn:write_config:0.10, file://share/hr:0.06, file://share/finance:0.05",FirmwareOS 3.2|5f:e0:c1:29:7e:5f|TLS1.3,2026-07-14 15:07:37.697389
use_134bb4c6,user,66,1.0,18.78,4.51,194.64,133.85,"/api/v1/billing:0.29, file://share/hr:0.22, /api/v1/auth:0.15, /api/v1/logs:0.13, /api/v1/payments:0.12",Windows 11|36:fa:01:9d:09:ef|TLS1.3,2026-07-15 21:55:54.187503
